name,image_num,label,pred
Ai_Sugiyama,0001,128,128
Ai_Sugiyama,0002,128,128
Ai_Sugiyama,0003,128,128
Ai_Sugiyama,0004,128,128
Ai_Sugiyama,0005,128,128
Al_Sharpton,0001,159,159
Al_Sharpton,0002,159,159
Al_Sharpton,0003,159,159
Al_Sharpton,0004,159,159
Al_Sharpton,0005,159,159
Al_Sharpton,0006,159,159
Al_Sharpton,0007,159,159
Alan_Mulally,0001,170,170
Alan_Mulally,0002,170,170
Alberto_Fujimori,0001,185,185
Alberto_Fujimori,0002,185,185
Allyson_Felix,0001,342,342
Allyson_Felix,0002,342,342
Allyson_Felix,0003,342,342
Allyson_Felix,0004,342,342
Allyson_Felix,0005,342,342
Amanda_Beard,0001,361,361
Amanda_Beard,0002,361,6076
Amelia_Vega,0001,383,383
Amelia_Vega,0002,383,383
Amelia_Vega,0003,383,383
Amelia_Vega,0004,383,383
Amelia_Vega,0005,383,383
Amelia_Vega,0006,383,383
Amelia_Vega,0007,383,383
Andy_Roddick,0001,537,537
Andy_Roddick,0002,537,537
Andy_Roddick,0003,537,537
Andy_Roddick,0004,537,537
Andy_Roddick,0005,537,537
Andy_Roddick,0006,537,537
Andy_Roddick,0007,537,537
Andy_Roddick,0008,537,537
Andy_Roddick,0009,537,537
Andy_Roddick,0010,537,3939
Andy_Roddick,0011,537,537
Andy_Roddick,0012,537,537
Andy_Roddick,0013,537,537
Andy_Roddick,0014,537,537
Andy_Roddick,0015,537,537
Angela_Bassett,0001,543,543
Angela_Bassett,0002,543,543
Angela_Bassett,0003,543,2183
Angela_Bassett,0004,543,543
Angela_Bassett,0005,543,543
Angela_Bassett,0006,543,543
Anthony_Hopkins,0001,658,658
Anthony_Hopkins,0002,658,658
Antonio_Banderas,0001,674,674
Antonio_Banderas,0002,674,674
Antonio_Banderas,0003,674,674
Antonio_Banderas,0004,674,674
Antonio_Banderas,0005,674,674
Arianna_Huffington,0001,716,716
Arianna_Huffington,0002,716,716
Arianna_Huffington,0003,716,716
Arianna_Huffington,0004,716,716
Aron_Ralston,0001,739,739
Aron_Ralston,0002,739,739
Ashton_Kutcher,0001,775,775
Ashton_Kutcher,0002,775,775
Ashton_Kutcher,0003,775,775
Barbra_Streisand,0001,856,856
Barbra_Streisand,0002,856,856
Barbra_Streisand,0003,856,856
Ben_Howland,0001,896,896
Ben_Howland,0002,896,896
Ben_Howland,0003,896,896
Ben_Howland,0004,896,896
Bill_Belichick,0001,985,985
Bill_Belichick,0002,985,985
Bill_Parcells,0001,991,991
Bill_Parcells,0002,991,991
Billy_Crystal,0001,1000,1000
Billy_Crystal,0002,1000,984
Billy_Crystal,0003,1000,1000
Billy_Crystal,0004,1000,1000
Billy_Crystal,0005,1000,1000
Billy_Crystal,0006,1000,1000
Blythe_Danner,0001,1033,1033
Blythe_Danner,0002,1033,1033
Bo_Pelini,0001,1037,1037
Bo_Pelini,0002,1037,1037
Bo_Ryan,0001,1038,1038
Bo_Ryan,0002,1038,1038
Bob_Huggins,0001,1047,1047
Bob_Huggins,0002,1047,1047
Bob_Huggins,0003,1047,1047
Bob_Huggins,0004,1047,1047
Bob_Stoops,0001,1054,1054
Bob_Stoops,0002,1054,1054
Bob_Stoops,0003,1054,1054
Bob_Stoops,0004,1054,1054
Bob_Stoops,0005,1054,1054
Bob_Stoops,0006,1054,1054
Bob_Stoops,0007,1054,1054
Boris_Becker,0001,1081,1081
Boris_Becker,0002,1081,1081
Boris_Becker,0003,1081,1081
Boris_Becker,0004,1081,1081
Boris_Becker,0005,1081,1081
Boris_Becker,0006,1081,1081
Boris_Berezovsky,0001,1082,1082
Boris_Berezovsky,0002,1082,1082
Brad_Garrett,0001,1092,1092
Brad_Garrett,0002,1092,1092
Brad_Garrett,0003,1092,1092
Brad_Garrett,0004,1092,1092
Brian_Cowen,0001,1132,1132
Brian_Cowen,0002,1132,1132
Britney_Spears,0001,1159,1159
Britney_Spears,0002,1159,1159
Britney_Spears,0003,1159,1159
Britney_Spears,0004,1159,1159
Britney_Spears,0005,1159,1159
Britney_Spears,0006,1159,1159
Britney_Spears,0007,1159,1159
Britney_Spears,0008,1159,7181
Britney_Spears,0009,1159,1159
Britney_Spears,0010,1159,1159
Britney_Spears,0011,1159,1159
Britney_Spears,0012,1159,1159
Britney_Spears,0013,1159,1159
Britney_Spears,0014,1159,1159
Byron_Scott,0001,1216,1216
Byron_Scott,0002,1216,1216
Calista_Flockhart,0001,1230,5539
Calista_Flockhart,0002,1230,1230
Calista_Flockhart,0003,1230,1230
Calista_Flockhart,0004,1230,1230
Calista_Flockhart,0005,1230,1230
Calista_Flockhart,0006,1230,1230
Carlo_Ancelotti,0001,1284,1284
Carlo_Ancelotti,0002,1284,1284
Carlo_Ancelotti,0003,1284,1284
Carly_Fiorina,0001,1303,8228
Carly_Fiorina,0002,1303,1303
Carly_Fiorina,0003,1303,1303
Carrie-Anne_Moss,0001,1348,1348
Carrie-Anne_Moss,0002,1348,1348
Carrie-Anne_Moss,0003,1348,5183
Carrie-Anne_Moss,0004,1348,1348
Carrie-Anne_Moss,0005,1348,1348
Carson_Daly,0001,1351,1351
Carson_Daly,0002,1351,1351
Cecilia_Bolocco,0001,1384,3376
Cecilia_Bolocco,0002,1384,1384
Cecilia_Bolocco,0003,1384,1384
Charlotte_Rampling,0001,1458,1458
Charlotte_Rampling,0002,1458,1458
Christian_Wulff,0001,1548,1548
Christian_Wulff,0002,1548,1548
Christine_Ebersole,0001,1560,1560
Christine_Ebersole,0002,1560,1560
Cindy_Margolis,0001,1595,1595
Cindy_Margolis,0002,1595,1595
Ciro_Gomes,0001,1598,1598
Ciro_Gomes,0002,1598,1598
Ciro_Gomes,0003,1598,1598
Ciro_Gomes,0004,1598,1598
Ciro_Gomes,0005,1598,1598
Claire_Danes,0001,1600,1600
Claire_Danes,0002,1600,1600
Claire_Danes,0003,1600,1600
Claudia_Schiffer,0001,1625,1625
Claudia_Schiffer,0002,1625,1625
Claudia_Schiffer,0003,1625,1625
Colin_Farrell,0001,1673,1673
Colin_Farrell,0002,1673,1673
Colin_Farrell,0003,1673,5875
Colin_Farrell,0004,1673,1673
Colin_Farrell,0005,1673,1673
Colin_Farrell,0006,1673,1673
Colin_Farrell,0007,1673,1673
Colin_Farrell,0008,1673,1673
Colin_Farrell,0009,1673,1673
Colin_Montgomerie,0001,1677,1677
Colin_Montgomerie,0002,1677,1677
Colin_Montgomerie,0003,1677,1677
Colin_Montgomerie,0004,1677,1677
Colin_Montgomerie,0005,1677,1677
Cristina_Saralegui,0001,1718,1718
Cristina_Saralegui,0002,1718,1718
Daisy_Fuentes,0001,1761,1761
Daisy_Fuentes,0002,1761,1761
Daisy_Fuentes,0003,1761,1761
Daisy_Fuentes,0004,1761,1761
David_Beckham,0001,1895,1895
David_Beckham,0002,1895,1895
David_Beckham,0003,1895,1895
David_Beckham,0004,1895,1895
David_Beckham,0005,1895,1895
David_Beckham,0006,1895,1895
David_Beckham,0007,1895,1895
David_Beckham,0008,1895,1895
David_Beckham,0009,1895,1895
David_Beckham,0010,1895,1895
David_Beckham,0011,1895,1895
David_Beckham,0012,1895,1895
David_Beckham,0013,1895,1895
David_Beckham,0014,1895,1895
David_Beckham,0015,1895,1895
David_Beckham,0016,1895,1895
David_Beckham,0017,1895,1895
David_Beckham,0018,1895,1895
David_Beckham,0019,1895,1895
David_Beckham,0020,1895,1895
David_Beckham,0021,1895,1895
David_Beckham,0022,1895,1895
David_Beckham,0023,1895,1895
David_Beckham,0024,1895,6877
David_Beckham,0025,1895,1895
David_Beckham,0026,1895,1895
David_Beckham,0027,1895,1895
David_Beckham,0028,1895,8040
David_Beckham,0029,1895,1895
David_Beckham,0030,1895,1895
David_Beckham,0031,1895,1895
David_Caruso,0001,1901,1901
David_Caruso,0002,1901,1901
David_Caruso,0003,1901,1901
David_Coulthard,0001,1904,1904
David_Coulthard,0002,1904,1904
David_Spade,0001,1931,1931
David_Spade,0002,1931,1931
David_Stern,0001,1932,1932
David_Stern,0002,1932,1932
David_Stern,0003,1932,1932
David_Stern,0004,1932,1932
Debra_Messing,0001,1965,1965
Debra_Messing,0002,1965,7007
Debra_Messing,0003,1965,1965
Demi_Moore,0001,1989,1989
Demi_Moore,0002,1989,775
Demi_Moore,0003,1989,1989
Demi_Moore,0004,1989,1989
Denzel_Washington,0001,2010,2010
Denzel_Washington,0002,2010,2010
Denzel_Washington,0003,2010,2010
Denzel_Washington,0004,2010,2010
Denzel_Washington,0005,2010,2010
Diana_Krall,0001,2038,2038
Diana_Krall,0002,2038,2038
Diana_Krall,0003,2038,2038
Diana_Krall,0004,2038,2038
Diana_Krall,0005,2038,2038
Diana_Krall,0006,2038,42
Dominique_de_Villepin,0001,2118,2118
Dominique_de_Villepin,0002,2118,2118
Dominique_de_Villepin,0003,2118,2118
Dominique_de_Villepin,0004,2118,2118
Dominique_de_Villepin,0005,2118,2118
Dominique_de_Villepin,0006,2118,2118
Dominique_de_Villepin,0007,2118,7734
Dominique_de_Villepin,0008,2118,2118
Dominique_de_Villepin,0009,2118,2118
Dominique_de_Villepin,0010,2118,2118
Dominique_de_Villepin,0011,2118,2118
Dominique_de_Villepin,0012,2118,2118
Dominique_de_Villepin,0013,2118,6502
Dominique_de_Villepin,0014,2118,2118
Dominique_de_Villepin,0015,2118,2118
Donatella_Versace,0001,2127,2127
Donatella_Versace,0002,2127,2127
Donatella_Versace,0003,2127,2127
Drew_Barrymore,0001,2151,2151
Drew_Barrymore,0002,2151,2151
Dwayne_Johnson,0001,2168,2168
Dwayne_Johnson,0002,2168,2168
Edie_Falco,0001,2210,2210
Edie_Falco,0002,2210,2210
Edward_Norton,0001,2236,2236
Edward_Norton,0002,2236,2236
Elizabeth_Hurley,0001,2302,2302
Elizabeth_Hurley,0002,2302,2302
Elizabeth_Hurley,0003,2302,2302
Elizabeth_Hurley,0004,2302,7717
Elizabeth_Hurley,0005,2302,8455
Elizabeth_Smart,0001,2307,2307
Elizabeth_Smart,0002,2307,2517
Elizabeth_Smart,0003,2307,2307
Elizabeth_Smart,0004,2307,2307
Elizabeth_Smart,0005,2307,2307
Elvis_Presley,0001,2337,2337
Elvis_Presley,0002,2337,2337
Emma_Thompson,0001,2374,2374
Emma_Thompson,0002,2374,2374
Emma_Thompson,0003,2374,2374
Erika_Christensen,0001,2426,2426
Erika_Christensen,0002,2426,2426
Frances_Fisher,0001,2652,7658
Frances_Fisher,0002,2652,2652
George_Pataki,0001,2817,2817
George_Pataki,0002,2817,2817
George_Pataki,0003,2817,2817
George_Pataki,0004,2817,2817
George_Pataki,0005,2817,2817
Halle_Berry,0001,3082,3082
Halle_Berry,0002,3082,3082
Halle_Berry,0003,3082,3082
Halle_Berry,0004,3082,3082
Halle_Berry,0005,3082,3082
Halle_Berry,0006,3082,3082
Halle_Berry,0007,3082,3082
Halle_Berry,0008,3082,3082
Halle_Berry,0009,3082,3932
Halle_Berry,0010,3082,3082
Halle_Berry,0011,3082,3082
Halle_Berry,0012,3082,3082
Halle_Berry,0013,3082,3082
Halle_Berry,0014,3082,6149
Halle_Berry,0015,3082,3082
Halle_Berry,0016,3082,3082
Harvey_Weinstein,0001,3137,3137
Harvey_Weinstein,0002,3137,3137
Hassan_Nasrallah,0001,3140,3140
Hassan_Nasrallah,0002,3140,3140
Heather_Mills,0001,3161,3161
Heather_Mills,0002,3161,3161
Heather_Mills,0003,3161,3161
Heather_Mills,0004,3161,3161
Heidi_Fleiss,0001,3167,3167
Heidi_Fleiss,0002,3167,3167
Heidi_Fleiss,0003,3167,3167
Heidi_Fleiss,0004,3167,3167
Heidi_Klum,0001,3168,3168
Heidi_Klum,0002,3168,3168
Heidi_Klum,0003,3168,3168
Heidi_Klum,0004,3168,3168
Heidi_Klum,0005,3168,3168
Henrique_Meirelles,0001,3201,3201
Henrique_Meirelles,0002,3201,3201
Holly_Hunter,0001,3245,3245
Holly_Hunter,0002,3245,3245
Holly_Hunter,0003,3245,3245
Holly_Hunter,0004,3245,3245
Holly_Hunter,0005,3245,3245
Holly_Hunter,0006,3245,3245
Holly_Hunter,0007,3245,5789
Ian_McKellen,0001,3291,3291
Ian_McKellen,0002,3291,3291
Ian_McKellen,0003,3291,3291
Isabella_Rossellini,0001,3379,3379
Isabella_Rossellini,0002,3379,3379
Isabella_Rossellini,0003,3379,3379
Isaiah_Washington,0001,3383,3383
Isaiah_Washington,0002,3383,3383
Jack_Straw,0001,3444,3444
Jack_Straw,0002,3444,3444
Jack_Straw,0003,3444,3444
Jack_Straw,0004,3444,3444
Jack_Straw,0005,3444,3444
Jack_Straw,0006,3444,3444
Jack_Straw,0007,3444,3444
Jack_Straw,0008,3444,3444
Jack_Straw,0009,3444,3444
Jack_Straw,0010,3444,3444
Jack_Straw,0011,3444,3444
Jack_Straw,0012,3444,3444
Jack_Straw,0013,3444,3444
Jack_Straw,0014,3444,3444
Jack_Straw,0015,3444,3444
Jack_Straw,0016,3444,3444
Jack_Straw,0017,3444,3444
Jack_Straw,0018,3444,3444
Jack_Straw,0019,3444,3444
Jack_Straw,0020,3444,3444
Jack_Straw,0021,3444,3444
Jack_Straw,0022,3444,3444
Jack_Straw,0023,3444,3444
Jack_Straw,0024,3444,3444
Jack_Straw,0025,3444,3444
Jack_Straw,0026,3444,3444
Jack_Straw,0027,3444,3444
Jack_Straw,0028,3444,3444
Jacques_Rogge,0001,3464,3464
Jacques_Rogge,0002,3464,3464
Jacques_Rogge,0003,3464,3464
Jacques_Rogge,0004,3464,3464
Jacques_Rogge,0005,3464,3464
Jacques_Rogge,0006,3464,3464
Jacques_Rogge,0007,3464,3464
Jacques_Rogge,0008,3464,3464
Jacques_Rogge,0009,3464,3464
Jacques_Rogge,0010,3464,3464
Jada_Pinkett_Smith,0001,3467,3467
Jada_Pinkett_Smith,0002,3467,3467
James_Cameron,0001,3502,6876
James_Cameron,0002,3502,6838
James_Cameron,0003,3502,3997
James_Franco,0001,3509,3509
James_Franco,0002,3509,3509
Jan_Ullrich,0001,3555,3555
Jan_Ullrich,0002,3555,3555
Jan_Ullrich,0003,3555,3555
Jan_Ullrich,0004,3555,3555
Jan_Ullrich,0005,3555,3555
Jan_Ullrich,0006,3555,3555
Jane_Kaczmarek,0001,3565,3565
Jane_Kaczmarek,0002,3565,3565
Janet_Napolitano,0001,3569,3569
Janet_Napolitano,0002,3569,3569
Janet_Napolitano,0003,3569,3569
Janet_Napolitano,0004,3569,3569
Jason_Kidd,0001,3614,3614
Jason_Kidd,0002,3614,3614
Jason_Kidd,0003,3614,3614
Jason_Kidd,0004,3614,3614
Jason_Kidd,0005,3614,3614
Jason_Kidd,0006,3614,3614
Jason_Kidd,0007,3614,3614
Jason_Kidd,0008,3614,3614
Jason_Kidd,0009,3614,4405
Jason_Kidd,0010,3614,3614
Jay_Leno,0001,3631,3631
Jay_Leno,0002,3631,3631
Jay_Leno,0003,3631,3631
Jean-Claude_Juncker,0001,3656,3656
Jean-Claude_Juncker,0002,3656,3656
Jean-Pierre_Raffarin,0001,3680,3680
Jean-Pierre_Raffarin,0002,3680,3680
Jean-Pierre_Raffarin,0003,3680,3680
Jean-Pierre_Raffarin,0004,3680,3680
Jean-Pierre_Raffarin,0005,3680,3680
Jean-Pierre_Raffarin,0006,3680,3680
Jean-Pierre_Raffarin,0007,3680,3680
Jean_Charest,0001,3648,3189
Jean_Charest,0002,3648,3648
Jean_Charest,0003,3648,3648
Jean_Charest,0004,3648,3648
Jean_Charest,0005,3648,3648
Jean_Charest,0006,3648,3648
Jean_Charest,0007,3648,3648
Jean_Charest,0008,3648,3648
Jean_Charest,0009,3648,3648
Jean_Charest,0010,3648,3648
Jean_Charest,0011,3648,3648
Jean_Charest,0012,3648,3648
Jean_Charest,0013,3648,3648
Jean_Charest,0014,3648,3648
Jean_Charest,0015,3648,3648
Jean_Charest,0016,3648,3648
Jean_Charest,0017,3648,3648
Jennifer_Capriati,0001,3716,3716
Jennifer_Capriati,0002,3716,3716
Jennifer_Capriati,0003,3716,3716
Jennifer_Capriati,0004,3716,3716
Jennifer_Capriati,0005,3716,3716
Jennifer_Capriati,0006,3716,3716
Jennifer_Capriati,0007,3716,3716
Jennifer_Capriati,0008,3716,3716
Jennifer_Capriati,0009,3716,3716
Jennifer_Capriati,0010,3716,3716
Jennifer_Capriati,0011,3716,3716
Jennifer_Capriati,0012,3716,3716
Jennifer_Capriati,0013,3716,3716
Jennifer_Capriati,0014,3716,3716
Jennifer_Capriati,0015,3716,3716
Jennifer_Capriati,0016,3716,3716
Jennifer_Capriati,0017,3716,3716
Jennifer_Capriati,0018,3716,3716
Jennifer_Capriati,0019,3716,3716
Jennifer_Capriati,0020,3716,3716
Jennifer_Capriati,0021,3716,3716
Jennifer_Capriati,0022,3716,3716
Jennifer_Capriati,0023,3716,3716
Jennifer_Capriati,0024,3716,3716
Jennifer_Capriati,0025,3716,3716
Jennifer_Capriati,0026,3716,3716
Jennifer_Capriati,0027,3716,3716
Jennifer_Capriati,0028,3716,3716
Jennifer_Capriati,0029,3716,3716
Jennifer_Capriati,0030,3716,3716
Jennifer_Capriati,0031,3716,3716
Jennifer_Capriati,0032,3716,3716
Jennifer_Capriati,0033,3716,3716
Jennifer_Capriati,0034,3716,3716
Jennifer_Capriati,0035,3716,3716
Jennifer_Capriati,0036,3716,3716
Jennifer_Capriati,0037,3716,3716
Jennifer_Capriati,0038,3716,3716
Jennifer_Capriati,0039,3716,3716
Jennifer_Capriati,0040,3716,3716
Jennifer_Capriati,0041,3716,3716
Jennifer_Capriati,0042,3716,3716
Jesse_Jackson,0001,3770,3770
Jesse_Jackson,0002,3770,3770
Jesse_Jackson,0003,3770,3770
Jesse_Jackson,0004,3770,3770
Jesse_Jackson,0005,3770,3770
Jesse_Jackson,0006,3770,3770
Jesse_Jackson,0007,3770,3770
Jesse_Jackson,0008,3770,3770
Jesse_Jackson,0009,3770,3770
Jessica_Lange,0001,3783,3783
Jessica_Lange,0002,3783,3783
Jim_Furyk,0001,3819,3819
Jim_Furyk,0002,3819,3819
Jim_Furyk,0003,3819,3819
Jim_Furyk,0004,3819,3819
Jim_Furyk,0005,3819,3819
Jim_Furyk,0006,3819,3819
Joan_Laporta,0001,3863,3863
Joan_Laporta,0002,3863,3863
Joan_Laporta,0003,3863,3863
Joan_Laporta,0004,3863,3863
Joan_Laporta,0005,3863,3863
Joan_Laporta,0006,3863,3863
Joan_Laporta,0007,3863,3863
Joan_Laporta,0008,3863,3863
Joan_Laporta,0009,3863,3863
Jodie_Foster,0001,3881,3881
Jodie_Foster,0002,3881,3881
Jodie_Foster,0003,3881,3881
Joe_Calzaghe,0001,3885,5937
Joe_Calzaghe,0002,3885,3885
John_Cusack,0001,3927,3927
John_Cusack,0002,3927,3927
John_Kerry,0001,3941,3941
John_Kerry,0002,3941,3941
John_Kerry,0003,3941,3941
John_Kerry,0004,3941,3941
John_Kerry,0005,3941,3941
John_Kerry,0006,3941,3941
John_Kerry,0007,3941,3941
John_Kerry,0008,3941,3941
John_Kerry,0009,3941,3941
John_Kerry,0010,3941,3941
John_Kerry,0011,3941,3941
John_Kerry,0012,3941,3941
John_Kerry,0013,3941,3941
John_Kerry,0014,3941,3941
John_Kerry,0015,3941,3941
John_Kerry,0016,3941,3941
John_Kerry,0017,3941,3941
John_Travolta,0001,3955,3955
John_Travolta,0002,3955,3955
John_Travolta,0003,3955,3955
John_Travolta,0004,3955,3955
John_Travolta,0005,3955,1901
John_Travolta,0006,3955,3955
John_Travolta,0007,3955,3955
Johnny_Depp,0001,3959,5474
Johnny_Depp,0002,3959,3959
Jon_Voight,0001,3983,3983
Jon_Voight,0002,3983,3983
Jon_Voight,0003,3983,3983
Joseph_Estrada,0001,4044,4044
Joseph_Estrada,0002,4044,4044
Joseph_Estrada,0003,4044,4044
Joseph_Estrada,0004,4044,4044
Jude_Law,0001,4113,4113
Jude_Law,0002,4113,4113
Judi_Dench,0001,4114,4114
Judi_Dench,0002,4114,4114
Julianna_Margulies,0001,4143,4143
Julianna_Margulies,0002,4143,5673
Julie_Taymor,0001,4153,4153
Julie_Taymor,0002,4153,4153
Justin_Gatlin,0001,4180,4180
Justin_Gatlin,0002,4180,4180
Justin_Guarini,0001,4181,4181
Justin_Guarini,0002,4181,4181
Justin_Guarini,0003,4181,4181
Justine_Henin,0001,4186,4186
Justine_Henin,0002,4186,4186
Justine_Henin,0003,4186,4186
Kate_Hudson,0001,4310,4310
Kate_Hudson,0002,4310,4310
Kate_Hudson,0003,4310,4310
Kate_Hudson,0004,4310,4310
Kate_Hudson,0005,4310,4310
Kate_Hudson,0006,4310,4310
Kate_Hudson,0007,4310,4310
Kate_Hudson,0008,4310,4310
Kate_Hudson,0009,4310,4310
Kathryn_Bigelow,0001,4334,4334
Kathryn_Bigelow,0002,4334,4334
Kevin_Costner,0001,4415,4415
Kevin_Costner,0002,4415,185
Kevin_Costner,0003,4415,4415
Kevin_Costner,0004,4415,4415
Kevin_Costner,0005,4415,4415
Kevin_Costner,0006,4415,4415
Kevin_Costner,0007,4415,4415
Kevin_Costner,0008,4415,4415
Kim_Clijsters,0001,4456,4456
Kim_Clijsters,0002,4456,4456
Kim_Clijsters,0003,4456,4456
Kim_Clijsters,0004,4456,4456
Kim_Clijsters,0005,4456,4456
Kim_Clijsters,0006,4456,4456
Kim_Clijsters,0007,4456,4456
Kim_Clijsters,0008,4456,4456
Kim_Clijsters,0009,4456,4456
Kim_Clijsters,0010,4456,4456
Kim_Clijsters,0011,4456,4456
Kim_Clijsters,0012,4456,4456
Kim_Clijsters,0013,4456,4456
Kim_Clijsters,0014,4456,4456
Kobe_Bryant,0001,4522,4522
Kobe_Bryant,0002,4522,4522
Kobe_Bryant,0003,4522,4522
Kristanna_Loken,0001,4552,4552
Kristanna_Loken,0002,4552,4552
Kristanna_Loken,0003,4552,6841
Kristanna_Loken,0004,4552,4552
Kristanna_Loken,0005,4552,4552
Kristin_Davis,0001,4560,4560
Kristin_Davis,0002,4560,4560
Kristin_Davis,0003,4560,4560
Laura_Linney,0001,4660,4660
Laura_Linney,0002,4660,4660
Laura_Linney,0003,4660,4660
Laura_Linney,0004,4660,4660
Laurent_Jalabert,0001,4686,4686
Laurent_Jalabert,0002,4686,4686
LeAnn_Rimes,0001,4703,4703
LeAnn_Rimes,0002,4703,4703
LeBron_James,0001,4704,4704
LeBron_James,0002,4704,5509
LeBron_James,0003,4704,4704
LeBron_James,0004,4704,5509
LeBron_James,0005,4704,4704
Leander_Paes,0001,4707,4707
Leander_Paes,0002,4707,4707
Lennox_Lewis,0001,4755,4755
Lennox_Lewis,0002,4755,4755
Lennox_Lewis,0003,4755,4755
Lisa_Ling,0001,4831,4831
Lisa_Ling,0002,4831,4831
Lisa_Marie_Presley,0001,4833,4833
Lisa_Marie_Presley,0002,4833,4833
Lisa_Marie_Presley,0003,4833,4833
Lisa_Marie_Presley,0004,4833,4833
Lleyton_Hewitt,0001,4852,4852
Lleyton_Hewitt,0002,4852,4852
Lleyton_Hewitt,0003,4852,4852
Lleyton_Hewitt,0004,4852,4852
Lleyton_Hewitt,0005,4852,4852
Lleyton_Hewitt,0006,4852,4852
Lleyton_Hewitt,0007,4852,4852
Lleyton_Hewitt,0008,4852,4852
Lleyton_Hewitt,0009,4852,4852
Lleyton_Hewitt,0010,4852,4852
Lleyton_Hewitt,0011,4852,4852
Lleyton_Hewitt,0012,4852,4852
Lleyton_Hewitt,0013,4852,4852
Lleyton_Hewitt,0014,4852,4852
Lleyton_Hewitt,0015,4852,4852
Lleyton_Hewitt,0016,4852,4852
Lleyton_Hewitt,0017,4852,4852
Lleyton_Hewitt,0018,4852,4852
Lleyton_Hewitt,0019,4852,4852
Lleyton_Hewitt,0020,4852,4852
Lleyton_Hewitt,0021,4852,4852
Lleyton_Hewitt,0022,4852,4852
Lleyton_Hewitt,0023,4852,4852
Lleyton_Hewitt,0024,4852,4852
Lleyton_Hewitt,0025,4852,4852
Lleyton_Hewitt,0026,4852,4852
Lleyton_Hewitt,0027,4852,4852
Lleyton_Hewitt,0028,4852,4852
Lleyton_Hewitt,0029,4852,4852
Lleyton_Hewitt,0030,4852,4852
Lleyton_Hewitt,0031,4852,4852
Lleyton_Hewitt,0032,4852,4852
Lleyton_Hewitt,0033,4852,4852
Lleyton_Hewitt,0034,4852,4852
Lleyton_Hewitt,0035,4852,4852
Lleyton_Hewitt,0036,4852,4852
Lleyton_Hewitt,0037,4852,4852
Lleyton_Hewitt,0038,4852,4852
Lleyton_Hewitt,0039,4852,4852
Lleyton_Hewitt,0040,4852,4852
Lleyton_Hewitt,0041,4852,4852
Madeleine_Albright,0001,5006,5006
Madeleine_Albright,0002,5006,5006
Madeleine_Albright,0003,5006,5006
Marcelo_Salas,0001,5129,5129
Marcelo_Salas,0002,5129,5129
Marcelo_Salas,0003,5129,5129
Marisa_Tomei,0001,5244,5244
Marisa_Tomei,0002,5244,5244
Martina_McBride,0001,5315,5315
Martina_McBride,0002,5315,7883
Martina_McBride,0003,5315,5315
Martina_McBride,0004,5315,5315
Martina_McBride,0005,5315,5315
Mary_Carey,0001,5328,5328
Mary_Carey,0002,5328,5328
Mary_Carey,0003,5328,5328
Mary_Carey,0004,5328,5328
Mary_Steenburgen,0001,5335,5335
Mary_Steenburgen,0002,5335,5335
Mary_Steenburgen,0003,5335,5335
Matt_Damon,0001,5374,5374
Matt_Damon,0002,5374,5374
Matt_Damon,0003,5374,5374
Matt_Damon,0004,5374,5374
Melissa_Etheridge,0001,5497,5497
Melissa_Etheridge,0002,5497,5497
Michael_Ballack,0001,5530,5530
Michael_Ballack,0002,5530,5530
Michael_Ballack,0003,5530,5530
Michael_Bloomberg,0001,5532,5532
Michael_Bloomberg,0002,5532,5532
Michael_Bloomberg,0003,5532,5532
Michael_Bloomberg,0004,5532,5532
Michael_Bloomberg,0005,5532,5532
Michael_Bloomberg,0006,5532,5532
Michael_Bloomberg,0007,5532,5532
Michael_Bloomberg,0008,5532,5532
Michael_Bloomberg,0009,5532,5532
Michael_Bloomberg,0010,5532,5532
Michael_Bloomberg,0011,5532,5532
Michael_Bloomberg,0012,5532,5532
Michael_Bloomberg,0013,5532,5532
Michael_Bloomberg,0014,5532,5532
Michael_Bloomberg,0015,5532,5532
Michael_Bloomberg,0016,5532,5532
Michael_Bloomberg,0017,5532,5532
Michael_Bloomberg,0018,5532,5532
Michael_Bloomberg,0019,5532,5532
Michael_Bloomberg,0020,5532,5532
Michael_Chiklis,0001,5535,5535
Michael_Chiklis,0002,5535,5535
Michael_Chiklis,0003,5535,5535
Michael_Chiklis,0004,5535,5535
Michael_Chiklis,0005,5535,5535
Michael_Jackson,0001,5549,5549
Michael_Jackson,0002,5549,5549
Michael_Jackson,0003,5549,5549
Michael_Jackson,0004,5549,5549
Michael_Jackson,0005,5549,5549
Michael_Jackson,0006,5549,5549
Michael_Jackson,0007,5549,5549
Michael_Jackson,0008,5549,5549
Michael_Jackson,0009,5549,5549
Michael_Jackson,0010,5549,5549
Michael_Jackson,0011,5549,5549
Michael_Jackson,0012,5549,5549
Michael_Keaton,0001,5550,5550
Michael_Keaton,0002,5550,5550
Michael_Phelps,0001,5559,5559
Michael_Phelps,0002,5559,5559
Michael_Phelps,0003,5559,5559
Michael_Phelps,0004,5559,5559
Michael_Phelps,0005,5559,5559
Michael_Schumacher,0001,5561,5561
Michael_Schumacher,0002,5561,5561
Michael_Schumacher,0003,5561,5561
Michael_Schumacher,0004,5561,5561
Michael_Schumacher,0005,5561,5561
Michael_Schumacher,0006,5561,5561
Michael_Schumacher,0007,5561,5561
Michael_Schumacher,0008,5561,7065
Michael_Schumacher,0009,5561,5561
Michael_Schumacher,0010,5561,5561
Michael_Schumacher,0011,5561,5561
Michael_Schumacher,0012,5561,5561
Michael_Schumacher,0013,5561,5561
Michael_Schumacher,0014,5561,5561
Michael_Schumacher,0015,5561,6021
Michael_Schumacher,0016,5561,5561
Michael_Schumacher,0017,5561,5561
Michael_Schumacher,0018,5561,5561
Michel_Temer,0001,5592,5592
Michel_Temer,0002,5592,2640
Michel_Therrien,0001,5593,5593
Michel_Therrien,0002,5593,5593
Michelle_Collins,0001,5599,2802
Michelle_Collins,0002,5599,2802
Michelle_Rodriguez,0001,5605,5605
Michelle_Rodriguez,0002,5605,5605
Mick_Jagger,0001,5617,5617
Mick_Jagger,0002,5617,5617
Mick_Jagger,0003,5617,5617
Mick_Jagger,0004,5617,5617
Mick_Jagger,0005,5617,5617
Mike_Brey,0001,5646,5646
Mike_Brey,0002,5646,5646
Mike_Miller,0001,5654,5654
Mike_Miller,0002,5654,5654
Mike_Tyson,0001,5663,5663
Mike_Tyson,0002,5663,5663
Mike_Tyson,0003,5663,5663
Mike_Tyson,0004,5663,5663
Minnie_Driver,0001,5696,5696
Minnie_Driver,0002,5696,5696
Monica_Lewinsky,0001,5773,5773
Monica_Lewinsky,0002,5773,5773
Monica_Lewinsky,0003,5773,5773
Monica_Seles,0001,5775,5775
Monica_Seles,0002,5775,5775
Monica_Seles,0003,5775,5775
Monica_Seles,0004,5775,5775
Monica_Seles,0005,5775,5775
Monica_Seles,0006,5775,5775
Nancy_Pelosi,0001,5884,5884
Nancy_Pelosi,0002,5884,5884
Nancy_Pelosi,0003,5884,5884
Nancy_Pelosi,0004,5884,5884
Nancy_Pelosi,0005,5884,5884
Nancy_Pelosi,0006,5884,5884
Nancy_Pelosi,0007,5884,5884
Nancy_Pelosi,0008,5884,5884
Nancy_Pelosi,0009,5884,5884
Nancy_Pelosi,0010,5884,5884
Nancy_Pelosi,0011,5884,4773
Nancy_Pelosi,0012,5884,5884
Nancy_Pelosi,0013,5884,5884
Nancy_Pelosi,0014,5884,5884
Nancy_Pelosi,0015,5884,5884
Naomi_Watts,0001,5893,5893
Naomi_Watts,0002,5893,5893
Naomi_Watts,0003,5893,5893
Naomi_Watts,0004,5893,5893
Naomi_Watts,0005,5893,5893
Naomi_Watts,0006,5893,5893
Naomi_Watts,0007,5893,5893
Naomi_Watts,0008,5893,5893
Naomi_Watts,0009,5893,5893
Naomi_Watts,0010,5893,5893
Naomi_Watts,0011,5893,5893
Naomi_Watts,0012,5893,5893
Naomi_Watts,0013,5893,5893
Naomi_Watts,0014,5893,5893
Naomi_Watts,0015,5893,5893
Naomi_Watts,0016,5893,5893
Naomi_Watts,0017,5893,5893
Naomi_Watts,0018,5893,5893
Naomi_Watts,0019,5893,5893
Naomi_Watts,0020,5893,5893
Naomi_Watts,0021,5893,5893
Naomi_Watts,0022,5893,233
Natalie_Coughlin,0001,5914,5914
Natalie_Coughlin,0002,5914,5914
Natalie_Coughlin,0003,5914,5914
Natalie_Coughlin,0004,5914,5914
Natalie_Coughlin,0005,5914,5914
Natalie_Coughlin,0006,5914,5914
Natalie_Maines,0001,5920,5920
Natalie_Maines,0002,5920,5920
Natalie_Maines,0003,5920,5920
Natalie_Maines,0004,5920,5920
Natalie_Maines,0005,5920,5920
Nathalie_Baye,0001,5942,5942
Nathalie_Baye,0002,5942,5942
Nathalie_Baye,0003,5942,2323
Nathalie_Baye,0004,5942,5942
Nathan_Lane,0001,5947,5947
Nathan_Lane,0002,5947,5947
Noah_Wyle,0001,6115,6115
Noah_Wyle,0002,6115,6115
Noah_Wyle,0003,6115,6115
Oprah_Winfrey,0001,6208,6208
Oprah_Winfrey,0002,6208,6208
Oprah_Winfrey,0003,6208,6208
Oprah_Winfrey,0004,6208,6208
Orlando_Bloom,0001,6212,3152
Orlando_Bloom,0002,6212,6212
Orlando_Bloom,0003,6212,6212
Oscar_De_La_Hoya,0001,6216,6216
Oscar_De_La_Hoya,0002,6216,6216
Oscar_De_La_Hoya,0003,6216,6216
Oscar_De_La_Hoya,0004,6216,6216
Oscar_De_La_Hoya,0005,6216,6216
Oscar_De_La_Hoya,0006,6216,6216
Oscar_De_La_Hoya,0007,6216,6216
Owen_Wilson,0001,6232,6232
Owen_Wilson,0002,6232,6232
Ozzy_Osbourne,0001,6236,6236
Ozzy_Osbourne,0002,6236,7867
Ozzy_Osbourne,0003,6236,3652
Pascal_Lamy,0001,6299,6299
Pascal_Lamy,0002,6299,6299
Paul_McCartney,0001,6359,6359
Paul_McCartney,0002,6359,6359
Paul_McCartney,0003,6359,3161
Paul_McCartney,0004,6359,6359
Paul_McCartney,0005,6359,7036
Paul_McCartney,0006,6359,6359
Paul_McCartney,0007,6359,6359
Paula_Zahn,0001,6380,6380
Paula_Zahn,0002,6380,6380
Penelope_Ann_Miller,0001,6420,6420
Penelope_Ann_Miller,0002,6420,6420
Pete_Carroll,0001,6442,6442
Pete_Carroll,0002,6442,6442
Pete_Carroll,0003,6442,6442
Pete_Rose,0001,6444,6444
Pete_Rose,0002,6444,6444
Phil_Mickelson,0001,6477,6477
Phil_Mickelson,0002,6477,6477
Priscilla_Presley,0001,6576,6576
Priscilla_Presley,0002,6576,6576
Rachel_Griffiths,0001,6621,6621
Rachel_Griffiths,0002,6621,6621
Rachel_Griffiths,0003,6621,6621
Rachel_Hunter,0001,6622,6622
Rachel_Hunter,0002,6622,6622
Rachel_Hunter,0003,6622,6622
Rachel_Hunter,0004,6622,6622
Ralf_Schumacher,0001,6680,6680
Ralf_Schumacher,0002,6680,3500
Ralf_Schumacher,0003,6680,6680
Ralf_Schumacher,0004,6680,6680
Ralf_Schumacher,0005,6680,6680
Ralf_Schumacher,0006,6680,6680
Ralf_Schumacher,0007,6680,6903
Ralf_Schumacher,0008,6680,6680
Ralph_Klein,0001,6682,6736
Ralph_Klein,0002,6682,6682
Raquel_Welch,0001,6717,6717
Raquel_Welch,0002,6717,6717
Ray_Romano,0001,6731,6731
Ray_Romano,0002,6731,6731
Ray_Romano,0003,6731,6731
Ray_Romano,0004,6731,6731
Ray_Romano,0005,6731,6731
Ray_Romano,0006,6731,6731
Ray_Romano,0007,6731,6731
Ray_Romano,0008,6731,6731
Ray_Romano,0009,6731,6731
Richard_Armitage,0001,6816,5632
Richard_Armitage,0002,6816,1019
Richard_Armitage,0003,6816,1006
Richard_Armitage,0004,6816,6843
Richard_Armitage,0005,6816,6190
Richard_Armitage,0006,6816,4646
Richard_Armitage,0007,6816,3063
Richard_Armitage,0008,6816,3208
Richard_Armitage,0009,6816,1044
Rick_Carlisle,0001,6837,6837
Rick_Carlisle,0002,6837,6837
Rick_Carlisle,0003,6837,6837
Rick_Carlisle,0004,6837,6837
Rick_Perry,0001,6841,6841
Rick_Perry,0002,6841,6841
Rick_Perry,0003,6841,6841
Rick_Perry,0004,6841,6841
Rick_Perry,0005,6841,6841
Rick_Perry,0006,6841,6841
Rick_Pitino,0001,6842,6842
Rick_Pitino,0002,6842,6842
Rick_Pitino,0003,6842,6842
Rick_Pitino,0004,6842,6842
Ricky_Ponting,0001,6850,6850
Ricky_Ponting,0002,6850,6850
Rio_Ferdinand,0001,6865,6865
Rio_Ferdinand,0002,6865,4195
Rita_Wilson,0001,6870,6870
Rita_Wilson,0002,6870,6870
Rita_Wilson,0003,6870,6870
Rita_Wilson,0004,6870,6870
Rob_Lowe,0001,6878,6878
Rob_Lowe,0002,6878,6878
Rob_Lowe,0003,6878,6878
Rob_Lowe,0004,6878,6878
Rob_Schneider,0001,6881,4385
Rob_Schneider,0002,6881,6881
Robert_De_Niro,0001,6891,6891
Robert_De_Niro,0002,6891,6891
Robert_De_Niro,0003,6891,6209
Robert_De_Niro,0004,6891,6891
Robert_De_Niro,0005,6891,6891
Robert_De_Niro,0006,6891,6891
Robert_Redford,0001,6906,6906
Robert_Redford,0002,6906,6906
Robert_Redford,0003,6906,6906
Robert_Redford,0004,6906,6906
Robert_Redford,0005,6906,6906
Robert_Redford,0006,6906,6906
Robert_Redford,0007,6906,6906
Robert_Redford,0008,6906,6906
Rod_Stewart,0001,6952,6952
Rod_Stewart,0002,6952,6952
Rod_Stewart,0003,6952,6952
Roger_Federer,0001,6969,6969
Roger_Federer,0002,6969,6969
Roger_Federer,0003,6969,6969
Roger_Federer,0004,6969,6969
Roger_Federer,0005,6969,6969
Roger_Federer,0006,6969,6969
Roger_Federer,0007,6969,6969
Roger_Federer,0008,6969,6969
Roger_Federer,0009,6969,6969
Roger_Federer,0010,6969,6969
Roger_Federer,0011,6969,6969
Roger_Federer,0012,6969,6969
Roger_Federer,0013,6969,6969
Roger_Federer,0014,6969,6969
Rolandas_Paksas,0001,6976,6976
Rolandas_Paksas,0002,6976,6976
Roseanne_Barr,0001,7036,7036
Roseanne_Barr,0002,7036,7036
Roseanne_Barr,0003,7036,7036
Ruben_Studdard,0001,7064,7064
Ruben_Studdard,0002,7064,7064
Rubens_Barrichello,0001,7065,7065
Rubens_Barrichello,0002,7065,7065
Rubens_Barrichello,0003,7065,7065
Rubens_Barrichello,0004,7065,7065
Rubens_Barrichello,0005,7065,7065
Rubens_Barrichello,0006,7065,7065
Rubens_Barrichello,0007,7065,7065
Rubens_Barrichello,0008,7065,7065
Rubens_Barrichello,0009,7065,7065
Rubens_Barrichello,0010,7065,7065
Rubens_Barrichello,0011,7065,7065
Rubens_Barrichello,0012,7065,7065
Rupert_Grint,0001,7084,7084
Rupert_Grint,0002,7084,7084
Rupert_Grint,0003,7084,7084
Russell_Crowe,0001,7088,4625
Russell_Crowe,0002,7088,7088
Russell_Simmons,0001,7091,7091
Russell_Simmons,0002,7091,7091
Russell_Simmons,0003,7091,7091
Russell_Simmons,0004,7091,7091
Russell_Simmons,0005,7091,7091
Sadie_Frost,0001,7141,7141
Sadie_Frost,0002,7141,7141
Sadie_Frost,0003,7141,7141
Sarah_Jessica_Parker,0001,7244,7244
Sarah_Jessica_Parker,0002,7244,7244
Sarah_Jessica_Parker,0003,7244,7244
Sarah_Jessica_Parker,0004,7244,2686
Sarah_Jessica_Parker,0005,7244,7244
Sarah_Jessica_Parker,0006,7244,7244
Sean_Hayes,0001,7302,7302
Sean_Hayes,0002,7302,7302
Sepp_Blatter,0001,7351,7351
Sepp_Blatter,0002,7351,7351
Sepp_Blatter,0003,7351,7351
Sepp_Blatter,0004,7351,7351
Sharon_Osbourne,0001,7421,7421
Sharon_Osbourne,0002,7421,7421
Sharon_Osbourne,0003,7421,7421
Sharon_Stone,0001,7422,7422
Sharon_Stone,0002,7422,7422
Sharon_Stone,0003,7422,7422
Sharon_Stone,0004,7422,7422
Sharon_Stone,0005,7422,7422
Simon_Cowell,0001,7509,7509
Simon_Cowell,0002,7509,7509
Sophia_Loren,0001,7590,7590
Sophia_Loren,0002,7590,7590
Sophia_Loren,0003,7590,7590
Sophia_Loren,0004,7590,7590
Sophia_Loren,0005,7590,710
Sophia_Loren,0006,7590,7590
Sophia_Loren,0007,7590,7590
Sourav_Ganguly,0001,7602,6286
Sourav_Ganguly,0002,7602,7602
Sourav_Ganguly,0003,7602,7602
Sourav_Ganguly,0004,7602,7602
Sourav_Ganguly,0005,7602,7602
Stefano_Accorsi,0001,7625,7625
Stefano_Accorsi,0002,7625,7625
Steve_Ballmer,0001,7657,7657
Steve_Ballmer,0002,7657,7657
Steve_Ballmer,0003,7657,7657
Stockard_Channing,0001,7691,7691
Stockard_Channing,0002,7691,7691
Stockard_Channing,0003,7691,7691
Susan_Sarandon,0001,7728,3922
Susan_Sarandon,0002,7728,7728
Susan_Sarandon,0003,7728,7728
Susan_Sarandon,0004,7728,7728
Susan_Sarandon,0005,7728,7728
Susan_Sarandon,0006,7728,7728
Sylvester_Stallone,0001,7756,7756
Sylvester_Stallone,0002,7756,7756
Sylvester_Stallone,0003,7756,7756
Sylvester_Stallone,0004,7756,7756
Sylvester_Stallone,0005,7756,5535
Sylvester_Stallone,0006,7756,7756
Sylvester_Stallone,0007,7756,7756
Sylvester_Stallone,0008,7756,7756
Sylvester_Stallone,0009,7756,7756
Taufik_Hidayat,0001,7837,7837
Taufik_Hidayat,0002,7837,7837
Taufik_Hidayat,0003,7837,7837
Theo_Epstein,0001,7896,7896
Theo_Epstein,0002,7896,7896
Tiger_Woods,0001,7947,7947
Tiger_Woods,0002,7947,7947
Tiger_Woods,0003,7947,7947
Tiger_Woods,0004,7947,7947
Tiger_Woods,0005,7947,7947
Tiger_Woods,0006,7947,7947
Tiger_Woods,0007,7947,7947
Tiger_Woods,0008,7947,7947
Tiger_Woods,0009,7947,7947
Tiger_Woods,0010,7947,7947
Tiger_Woods,0011,7947,7947
Tiger_Woods,0012,7947,4078
Tiger_Woods,0013,7947,7947
Tiger_Woods,0014,7947,7947
Tiger_Woods,0015,7947,7947
Tiger_Woods,0016,7947,7947
Tiger_Woods,0017,7947,7947
Tiger_Woods,0018,7947,7947
Tiger_Woods,0019,7947,7947
Tiger_Woods,0020,7947,6116
Tiger_Woods,0021,7947,7947
Tiger_Woods,0022,7947,7947
Tiger_Woods,0023,7947,7947
Tim_Duncan,0001,7952,7952
Tim_Duncan,0002,7952,7952
Tim_Duncan,0003,7952,7952
Tim_Duncan,0004,7952,7952
Toni_Braxton,0001,8026,8026
Toni_Braxton,0002,8026,8026
Toni_Braxton,0003,8026,8026
Tony_Shalhoub,0001,8044,8044
Tony_Shalhoub,0002,8044,8044
Tony_Shalhoub,0003,8044,8044
Tony_Shalhoub,0004,8044,8044
Tony_Stewart,0001,8045,8045
Tony_Stewart,0002,8045,8045
Tony_Stewart,0003,8045,3290
Tony_Stewart,0004,8045,7407
Tony_Stewart,0005,8045,8045
Tony_Stewart,0006,8045,2821
Tracy_McGrady,0001,8063,8063
Tracy_McGrady,0002,8063,8063
Tyler_Hamilton,0001,8106,8106
Tyler_Hamilton,0002,8106,8106
Valerie_Harper,0001,8169,8169
Valerie_Harper,0002,8169,8169
Vanessa_Incontrada,0001,8192,8192
Vanessa_Incontrada,0002,8192,8192
Vanessa_Incontrada,0003,8192,8192
Vanessa_Incontrada,0004,8192,8192
Venus_Williams,0001,8215,8215
Venus_Williams,0002,8215,8215
Venus_Williams,0003,8215,8215
Venus_Williams,0004,8215,8215
Venus_Williams,0005,8215,8215
Venus_Williams,0006,8215,8215
Venus_Williams,0007,8215,8215
Venus_Williams,0008,8215,8215
Venus_Williams,0009,8215,8215
Venus_Williams,0010,8215,8215
Venus_Williams,0011,8215,8215
Venus_Williams,0012,8215,8215
Venus_Williams,0013,8215,8215
Venus_Williams,0014,8215,8215
Venus_Williams,0015,8215,8215
Venus_Williams,0016,8215,8215
Venus_Williams,0017,8215,8215
Vicente_Fox,0001,8234,8234
Vicente_Fox,0002,8234,8234
Vicente_Fox,0003,8234,8234
Vicente_Fox,0004,8234,8234
Vicente_Fox,0005,8234,8234
Vicente_Fox,0006,8234,8234
Vicente_Fox,0007,8234,8234
Vicente_Fox,0008,8234,8234
Vicente_Fox,0009,8234,8234
Vicente_Fox,0010,8234,8234
Vicente_Fox,0011,8234,7759
Vicente_Fox,0012,8234,8234
Vicente_Fox,0013,8234,8234
Vicente_Fox,0014,8234,8234
Vicente_Fox,0015,8234,8234
Vicente_Fox,0016,8234,8234
Vicente_Fox,0017,8234,8234
Vicente_Fox,0018,8234,8234
Vicente_Fox,0019,8234,8234
Vicente_Fox,0020,8234,8234
Vicente_Fox,0021,8234,8234
Vicente_Fox,0022,8234,8234
Vicente_Fox,0023,8234,8234
Vicente_Fox,0024,8234,8234
Vicente_Fox,0025,8234,8234
Vicente_Fox,0026,8234,8234
Vicente_Fox,0027,8234,8234
Vicente_Fox,0028,8234,8234
Vicente_Fox,0029,8234,8234
Vicente_Fox,0030,8234,8234
Vicente_Fox,0031,8234,8234
Vicente_Fox,0032,8234,8234
Vince_Gill,0001,8273,8273
Vince_Gill,0002,8273,8273
Vitali_Klitschko,0001,8298,8298
Vitali_Klitschko,0002,8298,8298
Vitali_Klitschko,0003,8298,8298
Vitali_Klitschko,0004,8298,8298
Xavier_Malisse,0001,8414,8414
Xavier_Malisse,0002,8414,8414
Xavier_Malisse,0003,8414,8414
Xavier_Malisse,0004,8414,8414
Xavier_Malisse,0005,8414,8414
Zinedine_Zidane,0001,8537,8537
Zinedine_Zidane,0002,8537,8537
Zinedine_Zidane,0003,8537,8537
Zinedine_Zidane,0004,8537,8537
Zinedine_Zidane,0005,8537,8537
Zinedine_Zidane,0006,8537,8537
